{
  "thresholds_tau": [
    0.845,
    0.45,
    0.97
  ],
  "classification": {
    "tp": [
      326737,
      3312636,
      74694
    ],
    "fp": [
      625564,
      6999877,
      53973
    ],
    "fn": [
      433283,
      1695624,
      175146
    ],
    "tn": [
      14122496,
      3499943,
      15204267
    ],
    "precision": [
      0.34310265346775864,
      0.3212249041528481,
      0.5805218121196577
    ],
    "recall": [
      0.42990579195284334,
      0.6614345101891675,
      0.2989673390970221
    ],
    "f1": [
      0.38163054707616156,
      0.4324371883846853,
      0.3946769808748583
    ],
    "macro_f1": 0.40291490544523506
  }
}