{
  "thresholds_tau": [
    0.93,
    0.865,
    0.745
  ],
  "classification": {
    "tp": [
      21854,
      10023,
      112645
    ],
    "fp": [
      4655,
      16420,
      23574
    ],
    "fn": [
      5414,
      4267,
      24757
    ],
    "tn": [
      797817,
      799030,
      668764
    ],
    "precision": [
      0.8243992606284658,
      0.37904171236243994,
      0.8269404414949456
    ],
    "recall": [
      0.8014522517236321,
      0.7013995801259623,
      0.8198206721881778
    ],
    "f1": [
      0.8127638209643527,
      0.4921316868386812,
      0.8233651656853823
    ],
    "macro_f1": 0.7094202244961387
  }
}