{
  "thresholds_tau": [
    0.965,
    0.885,
    0.86
  ],
  "classification": {
    "tp": [
      517,
      235,
      2029
    ],
    "fp": [
      35,
      82,
      191
    ],
    "fn": [
      67,
      55,
      275
    ],
    "tn": [
      13273,
      13520,
      11397
    ],
    "precision": [
      0.9365942028985508,
      0.7413249211356467,
      0.913963963963964
    ],
    "recall": [
      0.8852739726027398,
      0.8103448275862069,
      0.8806423611111112
    ],
    "f1": [
      0.9102112676056339,
      0.7742998352553542,
      0.8969938107869142
    ],
    "macro_f1": 0.860501637882634
  }
}