{
  "thresholds_tau": [
    0.9500000000000001,
    0.915,
    0.77
  ],
  "classification": {
    "tp": [
      288120,
      116692,
      1431047
    ],
    "fp": [
      39810,
      86757,
      208528
    ],
    "fn": [
      39096,
      54788,
      216757
    ],
    "tn": [
      9588174,
      9696963,
      8098868
    ],
    "precision": [
      0.8786021407007593,
      0.5735688059415381,
      0.8728158211731699
    ],
    "recall": [
      0.8805192900102684,
      0.6804991835782599,
      0.8684570495034604
    ],
    "f1": [
      0.8795596706688279,
      0.6224751886357149,
      0.8706309798778905
    ],
    "macro_f1": 0.7908886130608112
  }
}