{
  "thresholds_tau": [
    0.935,
    0.905,
    0.68
  ],
  "classification": {
    "tp": [
      45042,
      7833,
      224087
    ],
    "fp": [
      11937,
      16246,
      76031
    ],
    "fn": [
      9494,
      20747,
      50597
    ],
    "tn": [
      1592767,
      1614414,
      1308525
    ],
    "precision": [
      0.7905017638077186,
      0.3253042069853399,
      0.7466629792281703
    ],
    "recall": [
      0.8259131582807686,
      0.27407277816655,
      0.8157992456786708
    ],
    "f1": [
      0.807819575841815,
      0.29749900301942683,
      0.7797015320058037
    ],
    "macro_f1": 0.6283400369556819
  }
}