{
  "thresholds_tau": [
    0.96,
    0.915,
    0.775
  ],
  "classification": {
    "tp": [
      47509,
      23158,
      240311
    ],
    "fp": [
      7548,
      15754,
      33411
    ],
    "fn": [
      7027,
      5422,
      34373
    ],
    "tn": [
      1597156,
      1614906,
      1351145
    ],
    "precision": [
      0.8629057158944367,
      0.5951377467105263,
      0.8779382000716055
    ],
    "recall": [
      0.8711493325509755,
      0.8102869139258223,
      0.8748634794891584
    ],
    "f1": [
      0.8670079293385525,
      0.6862442956202216,
      0.8763981429816595
    ],
    "macro_f1": 0.8098834559801446
  }
}