{
  "thresholds_tau": [
    0.9450000000000001,
    0.86,
    0.76
  ],
  "classification": {
    "tp": [
      205,
      78,
      931
    ],
    "fp": [
      48,
      299,
      508
    ],
    "fn": [
      18,
      41,
      208
    ],
    "tn": [
      6615,
      6468,
      5239
    ],
    "precision": [
      0.8102766798418972,
      0.20689655172413793,
      0.6469770674079222
    ],
    "recall": [
      0.9192825112107623,
      0.6554621848739496,
      0.8173836698858647
    ],
    "f1": [
      0.8613445378151261,
      0.31451612903225806,
      0.7222653219550038
    ],
    "macro_f1": 0.6327086629341293
  }
}