{
  "thresholds_tau": [
    0.84,
    0.465,
    0.92
  ],
  "classification": {
    "tp": [
      20147,
      222837,
      5439
    ],
    "fp": [
      40965,
      502216,
      9539
    ],
    "fn": [
      30521,
      111047,
      11217
    ],
    "tn": [
      942287,
      197820,
      1007725
    ],
    "precision": [
      0.32967338656892264,
      0.3073389117761046,
      0.3631325944718921
    ],
    "recall": [
      0.3976276940080524,
      0.6674084412550466,
      0.32654899135446686
    ],
    "f1": [
      0.3604759348720702,
      0.4208692301808323,
      0.34387051906176896
    ],
    "macro_f1": 0.3750718947048905
  }
}