{
  "thresholds_tau": [
    0.84,
    0.435,
    0.97
  ],
  "classification": {
    "tp": [
      121684,
      1363449,
      28672
    ],
    "fp": [
      211043,
      2879560,
      29356
    ],
    "fn": [
      182324,
      639855,
      71264
    ],
    "tn": [
      5688229,
      1320416,
      6073988
    ],
    "precision": [
      0.3657172396589396,
      0.3213401149985777,
      0.49410629351347624
    ],
    "recall": [
      0.4002657824794084,
      0.6806001485545878,
      0.2869036183157221
    ],
    "f1": [
      0.38221238034661204,
      0.43656121619265637,
      0.36301942214681826
    ],
    "macro_f1": 0.3939310062286956
  }
}