{
  "thresholds_tau": [
    0.97,
    0.935,
    0.93
  ],
  "classification": {
    "tp": [
      496,
      185,
      1869
    ],
    "fp": [
      70,
      190,
      131
    ],
    "fn": [
      88,
      105,
      435
    ],
    "tn": [
      13243,
      13417,
      11462
    ],
    "precision": [
      0.8763250883392226,
      0.49333333333333335,
      0.9345
    ],
    "recall": [
      0.8493150684931506,
      0.6379310344827587,
      0.8111979166666666
    ],
    "f1": [
      0.8626086956521739,
      0.556390977443609,
      0.8684944237918215
    ],
    "macro_f1": 0.7624980322958681
  }
}