{
  "thresholds_tau": [
    0.9450000000000001,
    0.91,
    0.725
  ],
  "classification": {
    "tp": [
      45833,
      22613,
      239318
    ],
    "fp": [
      6234,
      28159,
      43595
    ],
    "fn": [
      8703,
      5967,
      35366
    ],
    "tn": [
      1598470,
      1602501,
      1340961
    ],
    "precision": [
      0.8802696525630438,
      0.44538328212400535,
      0.8459066921633153
    ],
    "recall": [
      0.8404173390054276,
      0.7912176347095872,
      0.8712484163620743
    ],
    "f1": [
      0.8598819920640132,
      0.5699415263635448,
      0.8583905580553698
    ],
    "macro_f1": 0.7627380254943094
  }
}