{
  "mean": 231.120849609375,
  "std": 547.9763793955312
}