{
  "thresholds_tau": [
    0.895,
    0.465,
    0.965
  ],
  "classification": {
    "tp": [
      212766,
      2658934,
      100190
    ],
    "fp": [
      302053,
      5776782,
      34855
    ],
    "fn": [
      395250,
      1343519,
      99682
    ],
    "tn": [
      11433611,
      2564445,
      12108953
    ],
    "precision": [
      0.4132831150365468,
      0.315199563380275,
      0.7419008478655263
    ],
    "recall": [
      0.34993487013499647,
      0.6643261020179375,
      0.5012708133205251
    ],
    "f1": [
      0.37897999260799675,
      0.42754427922630733,
      0.5982974886315118
    ],
    "macro_f1": 0.4682739201552719
  }
}