{
  "thresholds_tau": [
    0.965,
    0.85,
    0.8
  ],
  "classification": {
    "tp": [
      214,
      101,
      1031
    ],
    "fp": [
      60,
      89,
      75
    ],
    "fn": [
      9,
      18,
      108
    ],
    "tn": [
      6603,
      6678,
      5672
    ],
    "precision": [
      0.781021897810219,
      0.531578947368421,
      0.9321880650994575
    ],
    "recall": [
      0.9596412556053812,
      0.8487394957983193,
      0.9051799824407375
    ],
    "f1": [
      0.8611670020120724,
      0.6537216828478964,
      0.9184855233853007
    ],
    "macro_f1": 0.8111247360817565
  }
}