{
  "thresholds_tau": [
    0.84,
    0.425,
    0.97
  ],
  "classification": {
    "tp": [
      19857,
      228514,
      6125
    ],
    "fp": [
      37531,
      503706,
      11204
    ],
    "fn": [
      30811,
      105370,
      10531
    ],
    "tn": [
      945721,
      196330,
      1006060
    ],
    "precision": [
      0.34601310378476335,
      0.31208379995083446,
      0.3534537480523977
    ],
    "recall": [
      0.3919041604168311,
      0.6844113524457596,
      0.3677353506243996
    ],
    "f1": [
      0.36753165025542306,
      0.42868988391376456,
      0.36045314109165805
    ],
    "macro_f1": 0.38555822508694854
  }
}