{
  "thresholds_tau": [
    0.9500000000000001,
    0.905,
    0.865
  ],
  "classification": {
    "tp": [
      211,
      79,
      935
    ],
    "fp": [
      27,
      40,
      30
    ],
    "fn": [
      12,
      40,
      204
    ],
    "tn": [
      6636,
      6727,
      5717
    ],
    "precision": [
      0.8865546218487395,
      0.6638655462184874,
      0.9689119170984456
    ],
    "recall": [
      0.9461883408071748,
      0.6638655462184874,
      0.8208955223880597
    ],
    "f1": [
      0.9154013015184381,
      0.6638655462184874,
      0.8887832699619772
    ],
    "macro_f1": 0.822683372566301
  }
}