{
  "thresholds_tau": [
    0.93,
    0.91,
    0.5700000000000001
  ],
  "classification": {
    "tp": [
      7076,
      4602,
      132883
    ],
    "fp": [
      7161,
      10312,
      104036
    ],
    "fn": [
      5004,
      11626,
      10681
    ],
    "tn": [
      813439,
      806140,
      585080
    ],
    "precision": [
      0.4970148205380347,
      0.3085691296768137,
      0.5608794566919496
    ],
    "recall": [
      0.5857615894039735,
      0.2835839290115849,
      0.9256011256303809
    ],
    "f1": [
      0.5377512634418816,
      0.2955494187913429,
      0.6984963848581934
    ],
    "macro_f1": 0.5105990223638059
  }
}