{
  "thresholds_tau": [
    0.895,
    0.465,
    0.97
  ],
  "classification": {
    "tp": [
      69300,
      1082052,
      25787
    ],
    "fp": [
      107707,
      2356441,
      18061
    ],
    "fn": [
      133372,
      253484,
      40837
    ],
    "tn": [
      3819541,
      437943,
      4045235
    ],
    "precision": [
      0.3915099402848475,
      0.3146878588963246,
      0.5880997993066959
    ],
    "recall": [
      0.3419317912686508,
      0.8102005486935583,
      0.38705271373679156
    ],
    "f1": [
      0.36504520924254436,
      0.4533076778544915,
      0.4668513288435079
    ],
    "macro_f1": 0.42840140531351456
  }
}