{
  "thresholds_tau": [
    0.975,
    0.92,
    0.88
  ],
  "classification": {
    "tp": [
      209,
      100,
      988
    ],
    "fp": [
      36,
      68,
      43
    ],
    "fn": [
      14,
      19,
      151
    ],
    "tn": [
      6627,
      6699,
      5704
    ],
    "precision": [
      0.8530612244897959,
      0.5952380952380952,
      0.9582929194956353
    ],
    "recall": [
      0.9372197309417041,
      0.8403361344537815,
      0.8674275680421423
    ],
    "f1": [
      0.8931623931623932,
      0.6968641114982578,
      0.9105990783410138
    ],
    "macro_f1": 0.833541861000555
  }
}