{
  "thresholds_tau": [
    0.975,
    0.845,
    0.755
  ],
  "classification": {
    "tp": [
      205,
      99,
      997
    ],
    "fp": [
      25,
      200,
      110
    ],
    "fn": [
      18,
      20,
      142
    ],
    "tn": [
      6638,
      6567,
      5637
    ],
    "precision": [
      0.8913043478260869,
      0.3311036789297659,
      0.90063233965673
    ],
    "recall": [
      0.9192825112107623,
      0.8319327731092437,
      0.8753292361720808
    ],
    "f1": [
      0.9050772626931567,
      0.47368421052631576,
      0.8878005342831702
    ],
    "macro_f1": 0.7555206691675475
  }
}