{
  "thresholds_tau": [
    0.84,
    0.47000000000000003,
    0.9550000000000001
  ],
  "classification": {
    "tp": [
      19772,
      226266,
      5145
    ],
    "fp": [
      47504,
      493420,
      7009
    ],
    "fn": [
      30896,
      107618,
      11511
    ],
    "tn": [
      935748,
      206616,
      1010255
    ],
    "precision": [
      0.2938938105713776,
      0.314395444680041,
      0.4233174263616916
    ],
    "recall": [
      0.39022657298492147,
      0.6776784751590372,
      0.30889769452449567
    ],
    "f1": [
      0.33527775893644446,
      0.4295224807084484,
      0.35716765012148555
    ],
    "macro_f1": 0.3739892965887928
  }
}