{
  "thresholds_tau": [
    0.915,
    0.52,
    0.995
  ],
  "classification": {
    "tp": [
      598643,
      4558695,
      216076
    ],
    "fp": [
      515842,
      5447852,
      38558
    ],
    "fn": [
      617389,
      3454476,
      183668
    ],
    "tn": [
      23000606,
      11271457,
      24294178
    ],
    "precision": [
      0.5371476511572609,
      0.4555712375108017,
      0.8485748171885923
    ],
    "recall": [
      0.4922921436277993,
      0.568900251847864,
      0.5405359430035223
    ],
    "f1": [
      0.5137426588177645,
      0.5059674074810716,
      0.6604011748561229
    ],
    "macro_f1": 0.5600370803849863
  }
}