{
  "thresholds_tau": [
    0.86,
    0.47500000000000003,
    0.9500000000000001
  ],
  "classification": {
    "tp": [
      289331,
      3389389,
      145791
    ],
    "fp": [
      456502,
      7764165,
      136024
    ],
    "fn": [
      521357,
      1942120,
      120705
    ],
    "tn": [
      15160330,
      3331846,
      16025000
    ],
    "precision": [
      0.3879300057787735,
      0.3038842148430895,
      0.5173287440342068
    ],
    "recall": [
      0.35689562445725115,
      0.6357278961734848,
      0.5470663724783862
    ],
    "f1": [
      0.3717662659225285,
      0.41120728504343595,
      0.5317821455341949
    ],
    "macro_f1": 0.4382518988333864
  }
}