{
  "thresholds_tau": [
    0.885,
    0.875,
    0.855
  ],
  "classification": {
    "tp": [
      211,
      61,
      850
    ],
    "fp": [
      42,
      143,
      95
    ],
    "fn": [
      12,
      58,
      289
    ],
    "tn": [
      6621,
      6624,
      5652
    ],
    "precision": [
      0.83399209486166,
      0.29901960784313725,
      0.8994708994708994
    ],
    "recall": [
      0.9461883408071748,
      0.5126050420168067,
      0.746268656716418
    ],
    "f1": [
      0.8865546218487393,
      0.3777089783281733,
      0.8157389635316699
    ],
    "macro_f1": 0.6933341879028608
  }
}