{
  "thresholds_tau": [
    0.8250000000000001,
    0.405,
    0.935
  ],
  "classification": {
    "tp": [
      20432,
      251929,
      12346
    ],
    "fp": [
      40038,
      558216,
      17181
    ],
    "fn": [
      30556,
      82215,
      12930
    ],
    "tn": [
      942894,
      141560,
      991463
    ],
    "precision": [
      0.33788655531668593,
      0.3109677897166557,
      0.4181257831814949
    ],
    "recall": [
      0.4007217384482623,
      0.753953385366788,
      0.4884475391675898
    ],
    "f1": [
      0.36663137684150077,
      0.440324078969561,
      0.4505592759520464
    ],
    "macro_f1": 0.4191715772543694
  }
}