{
  "thresholds_tau": [
    0.84,
    0.45,
    0.9550000000000001
  ],
  "classification": {
    "tp": [
      58830,
      653228,
      15701
    ],
    "fp": [
      111600,
      1442823,
      21299
    ],
    "fn": [
      93174,
      348424,
      34267
    ],
    "tn": [
      2838036,
      657165,
      3030373
    ],
    "precision": [
      0.3451857067417708,
      0.3116469971389055,
      0.4243513513513513
    ],
    "recall": [
      0.38702928870292885,
      0.6521506471309397,
      0.3142211015049632
    ],
    "f1": [
      0.3649118889447142,
      0.4217499224425324,
      0.3610753380553767
    ],
    "macro_f1": 0.3825790498142078
  }
}