{
  "thresholds_tau": [
    0.9500000000000001,
    0.93,
    0.93
  ],
  "classification": {
    "tp": [
      207,
      53,
      832
    ],
    "fp": [
      29,
      16,
      25
    ],
    "fn": [
      16,
      66,
      307
    ],
    "tn": [
      6634,
      6751,
      5722
    ],
    "precision": [
      0.8771186440677966,
      0.7681159420289855,
      0.970828471411902
    ],
    "recall": [
      0.9282511210762332,
      0.44537815126050423,
      0.7304653204565408
    ],
    "f1": [
      0.9019607843137256,
      0.5638297872340425,
      0.8336673346693386
    ],
    "macro_f1": 0.7664859687390356
  }
}