{
  "thresholds_tau": [
    0.92,
    0.77,
    0.795
  ],
  "classification": {
    "tp": [
      210,
      100,
      930
    ],
    "fp": [
      34,
      172,
      118
    ],
    "fn": [
      13,
      19,
      209
    ],
    "tn": [
      6599,
      6565,
      5599
    ],
    "precision": [
      0.860655737704918,
      0.36764705882352944,
      0.8874045801526718
    ],
    "recall": [
      0.9417040358744395,
      0.8403361344537815,
      0.8165057067603161
    ],
    "f1": [
      0.8993576017130621,
      0.5115089514066496,
      0.850480109739369
    ],
    "macro_f1": 0.753782220953027
  }
}