{
  "thresholds_tau": [
    0.835,
    0.465,
    0.9500000000000001
  ],
  "classification": {
    "tp": [
      19747,
      216621,
      6134
    ],
    "fp": [
      37512,
      473846,
      8267
    ],
    "fn": [
      30921,
      117263,
      10522
    ],
    "tn": [
      945740,
      226190,
      1008997
    ],
    "precision": [
      0.3448715485775162,
      0.3137311413869164,
      0.42594264287202277
    ],
    "recall": [
      0.3897331649167127,
      0.6487911969426507,
      0.3682756964457253
    ],
    "f1": [
      0.36593252846831653,
      0.42294291702746417,
      0.3950156164471778
    ],
    "macro_f1": 0.39463035398098617
  }
}