{
  "thresholds_tau": [
    0.9450000000000001,
    0.785,
    0.77
  ],
  "classification": {
    "tp": [
      212,
      101,
      1019
    ],
    "fp": [
      43,
      66,
      74
    ],
    "fn": [
      11,
      18,
      120
    ],
    "tn": [
      6620,
      6701,
      5673
    ],
    "precision": [
      0.8313725490196079,
      0.6047904191616766,
      0.9322964318389753
    ],
    "recall": [
      0.9506726457399103,
      0.8487394957983193,
      0.8946444249341527
    ],
    "f1": [
      0.8870292887029289,
      0.7062937062937064,
      0.9130824372759857
    ],
    "macro_f1": 0.8354684774242069
  }
}