{
  "thresholds_tau": [
    0.985,
    0.985,
    0.91
  ],
  "classification": {
    "tp": [
      483,
      232,
      1996
    ],
    "fp": [
      16,
      94,
      176
    ],
    "fn": [
      101,
      58,
      308
    ],
    "tn": [
      13297,
      13513,
      11417
    ],
    "precision": [
      0.9679358717434869,
      0.7116564417177914,
      0.9189686924493554
    ],
    "recall": [
      0.827054794520548,
      0.8,
      0.8663194444444444
    ],
    "f1": [
      0.8919667590027701,
      0.7532467532467533,
      0.8918677390527256
    ],
    "macro_f1": 0.845693750434083
  }
}