{
  "thresholds_tau": [
    0.97,
    0.91,
    0.78
  ],
  "classification": {
    "tp": [
      397999,
      146687,
      1870924
    ],
    "fp": [
      50987,
      82798,
      170422
    ],
    "fn": [
      38289,
      81953,
      309496
    ],
    "tn": [
      12759765,
      12935602,
      10896198
    ],
    "precision": [
      0.8864396662702178,
      0.6392008192256574,
      0.9165148877260396
    ],
    "recall": [
      0.9122391631216078,
      0.641563156053184,
      0.858056704671577
    ],
    "f1": [
      0.8991543860996708,
      0.6403798090040926,
      0.8863229274194733
    ],
    "macro_f1": 0.8086190408410788
  }
}