{
  "thresholds_tau": [
    0.93,
    0.7000000000000001,
    0.895
  ],
  "classification": {
    "tp": [
      216,
      166,
      752
    ],
    "fp": [
      33,
      280,
      21
    ],
    "fn": [
      8,
      5,
      387
    ],
    "tn": [
      6629,
      6435,
      5726
    ],
    "precision": [
      0.8674698795180723,
      0.3721973094170404,
      0.9728331177231565
    ],
    "recall": [
      0.9642857142857143,
      0.9707602339181286,
      0.6602282704126426
    ],
    "f1": [
      0.9133192389006343,
      0.5380875202593193,
      0.7866108786610879
    ],
    "macro_f1": 0.7460058792736805
  }
}