{
  "thresholds_tau": [
    0.845,
    0.81,
    0.8150000000000001
  ],
  "classification": {
    "tp": [
      37,
      49,
      510
    ],
    "fp": [
      51,
      89,
      118
    ],
    "fn": [
      16,
      19,
      92
    ],
    "tn": [
      3338,
      3285,
      2722
    ],
    "precision": [
      0.42045454545454547,
      0.35507246376811596,
      0.8121019108280255
    ],
    "recall": [
      0.6981132075471698,
      0.7205882352941176,
      0.8471760797342193
    ],
    "f1": [
      0.524822695035461,
      0.4757281553398059,
      0.8292682926829268
    ],
    "macro_f1": 0.6099397143527313
  }
}