{
  "mean": 242.6497039794922,
  "std": 570.6226196289062
}