{
  "thresholds_tau": [
    0.9400000000000001,
    0.925,
    0.705
  ],
  "classification": {
    "tp": [
      22261,
      3857,
      106139
    ],
    "fp": [
      6045,
      7198,
      40925
    ],
    "fn": [
      5007,
      10433,
      31233
    ],
    "tn": [
      796367,
      808192,
      651383
    ],
    "precision": [
      0.7864410372359217,
      0.3488919041157847,
      0.7217197954631996
    ],
    "recall": [
      0.8163781722165175,
      0.26990902729181243,
      0.7726392569082491
    ],
    "f1": [
      0.8011300248317559,
      0.3043598342868416,
      0.7463119998874966
    ],
    "macro_f1": 0.6172672863353648
  }
}