{
  "thresholds_tau": [
    0.925,
    0.915,
    0.8
  ],
  "classification": {
    "tp": [
      208,
      39,
      751
    ],
    "fp": [
      39,
      76,
      54
    ],
    "fn": [
      7,
      71,
      388
    ],
    "tn": [
      6632,
      6700,
      5693
    ],
    "precision": [
      0.8421052631578947,
      0.3391304347826087,
      0.9329192546583851
    ],
    "recall": [
      0.9674418604651163,
      0.35454545454545455,
      0.659350307287094
    ],
    "f1": [
      0.9004329004329005,
      0.3466666666666667,
      0.7726337448559671
    ],
    "macro_f1": 0.6732444373185115
  }
}