{
  "thresholds_tau": [
    0.855,
    0.44,
    0.9500000000000001
  ],
  "classification": {
    "tp": [
      19387,
      236139,
      5034
    ],
    "fp": [
      38743,
      525465,
      7397
    ],
    "fn": [
      31281,
      97745,
      11622
    ],
    "tn": [
      944509,
      174571,
      1009867
    ],
    "precision": [
      0.33351109581971444,
      0.3100548316447918,
      0.40495535355160484
    ],
    "recall": [
      0.382628088734507,
      0.7072486252710523,
      0.3022334293948127
    ],
    "f1": [
      0.35638522766962627,
      0.43111197931880585,
      0.34613401175782993
    ],
    "macro_f1": 0.37787707291542066
  }
}