{
  "mean": 605.9492797851562,
  "std": 1795.41064453225
}