{
  "thresholds_tau": [
    0.925,
    0.87,
    0.845
  ],
  "classification": {
    "tp": [
      833215,
      329101,
      3536904
    ],
    "fp": [
      141066,
      473382,
      211988
    ],
    "fn": [
      39361,
      128179,
      789682
    ],
    "tn": [
      25418998,
      25501978,
      21894066
    ],
    "precision": [
      0.8552101498438336,
      0.4101033915983267,
      0.943453158960034
    ],
    "recall": [
      0.9548910352794484,
      0.7196925297410777,
      0.817481496958572
    ],
    "f1": [
      0.9023059175669801,
      0.5224808158359945,
      0.8759615220300272
    ],
    "macro_f1": 0.7669160851443338
  }
}