{
  "thresholds_tau": [
    0.96,
    0.845,
    0.805
  ],
  "classification": {
    "tp": [
      43329,
      22099,
      216692
    ],
    "fp": [
      6643,
      31947,
      30719
    ],
    "fn": [
      9899,
      4401,
      57832
    ],
    "tn": [
      1599369,
      1600793,
      1353997
    ],
    "precision": [
      0.8670655567117586,
      0.4088924249713207,
      0.87583818019409
    ],
    "recall": [
      0.8140264522431803,
      0.8339245283018868,
      0.789337179991549
    ],
    "f1": [
      0.8397093023255814,
      0.548729918307551,
      0.8303409428377097
    ],
    "macro_f1": 0.739593387823614
  }
}