{
  "thresholds_tau": [
    0.965,
    0.795,
    0.715
  ],
  "classification": {
    "tp": [
      187534,
      90247,
      965436
    ],
    "fp": [
      21008,
      180988,
      127790
    ],
    "fn": [
      30610,
      24073,
      130204
    ],
    "tn": [
      6392048,
      6335892,
      5407770
    ],
    "precision": [
      0.8992624986813208,
      0.3327262337087765,
      0.8831074270096028
    ],
    "recall": [
      0.8596798445063811,
      0.789424422673198,
      0.8811616954474097
    ],
    "f1": [
      0.8790257941437029,
      0.46814073219125674,
      0.8821334882994207
    ],
    "macro_f1": 0.7431000048781268
  }
}