{
  "thresholds_tau": [
    0.865,
    0.47500000000000003,
    0.9450000000000001
  ],
  "classification": {
    "tp": [
      18950,
      197210,
      4771
    ],
    "fp": [
      34918,
      431610,
      6889
    ],
    "fn": [
      31146,
      136602,
      11841
    ],
    "tn": [
      948906,
      268498,
      1010419
    ],
    "precision": [
      0.3517858468849781,
      0.3136191596959384,
      0.40917667238421956
    ],
    "recall": [
      0.378273714468221,
      0.5907816375684517,
      0.28720202263424033
    ],
    "f1": [
      0.3645492670539803,
      0.40973082133151606,
      0.3375070741369553
    ],
    "macro_f1": 0.3705957208408172
  }
}