{
  "mean": 605.9490966796875,
  "std": 1795.4107666025625
}