{
  "thresholds_tau": [
    0.775,
    0.34500000000000003,
    0.985
  ],
  "classification": {
    "tp": [
      190589,
      1941312,
      53586
    ],
    "fp": [
      288011,
      4041850,
      8891
    ],
    "fn": [
      214755,
      729745,
      79662
    ],
    "tn": [
      7551125,
      1531573,
      8102341
    ],
    "precision": [
      0.39822189720016715,
      0.3244625500696789,
      0.8576916305200314
    ],
    "recall": [
      0.4701907515591695,
      0.7267954221867972,
      0.4021523775216138
    ],
    "f1": [
      0.43122414994615044,
      0.4486394439521348,
      0.5475641844424575
    ],
    "macro_f1": 0.47580925944691427
  }
}