{
  "thresholds_tau": [
    0.9550000000000001,
    0.78,
    0.74
  ],
  "classification": {
    "tp": [
      45773,
      26186,
      237628
    ],
    "fp": [
      5308,
      51769,
      48299
    ],
    "fn": [
      9507,
      14942,
      37188
    ],
    "tn": [
      1598652,
      1566343,
      1336125
    ],
    "precision": [
      0.8960866075448797,
      0.33591174395484574,
      0.8310792614898208
    ],
    "recall": [
      0.828020984081042,
      0.6366951954872593,
      0.8646803679552865
    ],
    "f1": [
      0.8607102227320165,
      0.4397940931955023,
      0.8475469154318467
    ],
    "macro_f1": 0.7160170771197883
  }
}