{
  "thresholds_tau": [
    0.965,
    0.8300000000000001,
    0.895
  ],
  "classification": {
    "tp": [
      100,
      25,
      365
    ],
    "fp": [
      14,
      120,
      30
    ],
    "fn": [
      7,
      35,
      198
    ],
    "tn": [
      3322,
      3263,
      2850
    ],
    "precision": [
      0.8771929824561403,
      0.1724137931034483,
      0.9240506329113924
    ],
    "recall": [
      0.9345794392523364,
      0.4166666666666667,
      0.6483126110124334
    ],
    "f1": [
      0.9049773755656108,
      0.2439024390243903,
      0.7620041753653445
    ],
    "macro_f1": 0.6369613299851151
  }
}