{
  "thresholds_tau": [
    0.88,
    0.47000000000000003,
    0.9550000000000001
  ],
  "classification": {
    "tp": [
      18581,
      197439,
      4645
    ],
    "fp": [
      33646,
      443346,
      5188
    ],
    "fn": [
      32087,
      136445,
      12011
    ],
    "tn": [
      949606,
      256690,
      1012076
    ],
    "precision": [
      0.35577383345779,
      0.30812050843886796,
      0.4723888945387979
    ],
    "recall": [
      0.36672061261545746,
      0.591340106144649,
      0.2788784822286263
    ],
    "f1": [
      0.36116429369745856,
      0.40514061696842724,
      0.35071161614254975
    ],
    "macro_f1": 0.3723388422694785
  }
}