{
  "thresholds_tau": [
    0.9550000000000001,
    0.9,
    0.8250000000000001
  ],
  "classification": {
    "tp": [
      137885,
      66054,
      670901
    ],
    "fp": [
      18902,
      65886,
      94479
    ],
    "fn": [
      25723,
      19686,
      153031
    ],
    "tn": [
      4795090,
      4825974,
      4059189
    ],
    "precision": [
      0.8794415353313731,
      0.5006366530241019,
      0.8765593561368209
    ],
    "recall": [
      0.8427766368392744,
      0.7703988803358992,
      0.8142674395459819
    ],
    "f1": [
      0.8607188002309649,
      0.606890848952591,
      0.8442659465227721
    ],
    "macro_f1": 0.770625198568776
  }
}