{
  "thresholds_tau": [
    0.86,
    0.48,
    0.885
  ],
  "classification": {
    "tp": [
      9676,
      119169,
      2600
    ],
    "fp": [
      19630,
      263470,
      5568
    ],
    "fn": [
      15658,
      47773,
      5728
    ],
    "tn": [
      471996,
      86548,
      503064
    ],
    "precision": [
      0.33017129598034534,
      0.3114397643732082,
      0.31831537708129287
    ],
    "recall": [
      0.38193731743901477,
      0.7138347450012579,
      0.3121998078770413
    ],
    "f1": [
      0.35417276720351387,
      0.4336721975468584,
      0.3152279340446169
    ],
    "macro_f1": 0.36769096626499637
  }
}