{
  "thresholds_tau": [
    0.975,
    0.9400000000000001,
    0.655
  ],
  "classification": {
    "tp": [
      3003241,
      1329930,
      12091393
    ],
    "fp": [
      191332,
      353541,
      3306967
    ],
    "fn": [
      355415,
      374742,
      1153439
    ],
    "tn": [
      76574492,
      78066267,
      63572681
    ],
    "precision": [
      0.9401071755129715,
      0.7899928184091083,
      0.7852390124662626
    ],
    "recall": [
      0.8941793979496561,
      0.7801676803514107,
      0.9129140331866799
    ],
    "f1": [
      0.9165683054872643,
      0.7850495094215325,
      0.8442769227675463
    ],
    "macro_f1": 0.8486315792254477
  }
}