{
  "mean": 199.79441833496094,
  "std": 498.04559326271874
}