{
  "thresholds_tau": [
    0.985,
    0.97,
    0.9400000000000001
  ],
  "classification": {
    "tp": [
      488,
      220,
      1957
    ],
    "fp": [
      38,
      87,
      48
    ],
    "fn": [
      96,
      70,
      347
    ],
    "tn": [
      13275,
      13520,
      11545
    ],
    "precision": [
      0.9277566539923955,
      0.7166123778501629,
      0.9760598503740648
    ],
    "recall": [
      0.8356164383561644,
      0.7586206896551724,
      0.8493923611111112
    ],
    "f1": [
      0.8792792792792792,
      0.7370184254606365,
      0.9083313993966119
    ],
    "macro_f1": 0.8415430347121758
  }
}