{
  "thresholds_tau": [
    0.97,
    0.87,
    0.77
  ],
  "classification": {
    "tp": [
      44814,
      23037,
      229387
    ],
    "fp": [
      5358,
      29770,
      34867
    ],
    "fn": [
      9722,
      5543,
      45297
    ],
    "tn": [
      1599346,
      1600890,
      1349689
    ],
    "precision": [
      0.893207366658694,
      0.436248982142519,
      0.8680549774080998
    ],
    "recall": [
      0.8217324336218278,
      0.8060531840447865,
      0.8350941445442763
    ],
    "f1": [
      0.8559804408450167,
      0.566110066718272,
      0.8512556175292891
    ],
    "macro_f1": 0.7577820416975259
  }
}