{
  "thresholds_tau": [
    0.875,
    0.46,
    0.905
  ],
  "classification": {
    "tp": [
      18264,
      247706,
      4470
    ],
    "fp": [
      32456,
      548374,
      11175
    ],
    "fn": [
      32404,
      86178,
      12186
    ],
    "tn": [
      950796,
      151662,
      1006089
    ],
    "precision": [
      0.3600946372239748,
      0.3111571701336549,
      0.2857142857142857
    ],
    "recall": [
      0.36046419831057075,
      0.7418923937654994,
      0.26837175792507206
    ],
    "f1": [
      0.36027932299680426,
      0.4384316668495633,
      0.27677161697780256
    ],
    "macro_f1": 0.35849420227472334
  }
}