{
  "thresholds_tau": [
    0.97,
    0.845,
    0.765
  ],
  "classification": {
    "tp": [
      417,
      194,
      1965
    ],
    "fp": [
      48,
      358,
      362
    ],
    "fn": [
      30,
      44,
      309
    ],
    "tn": [
      13276,
      13175,
      11135
    ],
    "precision": [
      0.896774193548387,
      0.35144927536231885,
      0.8444348947142243
    ],
    "recall": [
      0.9328859060402684,
      0.8151260504201681,
      0.8641160949868074
    ],
    "f1": [
      0.9144736842105262,
      0.4911392405063291,
      0.8541621386655075
    ],
    "macro_f1": 0.7532583544607876
  }
}