{
  "thresholds_tau": [
    0.9450000000000001,
    0.87,
    0.72
  ],
  "classification": {
    "tp": [
      44825,
      15597,
      222236
    ],
    "fp": [
      9213,
      42576,
      49155
    ],
    "fn": [
      9711,
      12983,
      52448
    ],
    "tn": [
      1595491,
      1588084,
      1335401
    ],
    "precision": [
      0.8295088641326473,
      0.2681140735392708,
      0.8188775604202055
    ],
    "recall": [
      0.82193413525011,
      0.5457312806158152,
      0.8090605932635319
    ],
    "f1": [
      0.825704128060125,
      0.3595725796226067,
      0.8139394771780433
    ],
    "macro_f1": 0.6664053949535916
  }
}