{
  "thresholds_tau": [
    0.87,
    0.435,
    0.9450000000000001
  ],
  "classification": {
    "tp": [
      9156,
      113927,
      1761
    ],
    "fp": [
      17210,
      254458,
      4533
    ],
    "fn": [
      16178,
      53015,
      6567
    ],
    "tn": [
      474536,
      95680,
      504219
    ],
    "precision": [
      0.34726541758325113,
      0.30926069193913974,
      0.2797902764537655
    ],
    "recall": [
      0.36141154180153157,
      0.6824346180110458,
      0.21145533141210374
    ],
    "f1": [
      0.3541972920696325,
      0.425635172520721,
      0.24086992203528929
    ],
    "macro_f1": 0.34023412887521426
  }
}