{
  "thresholds_tau": [
    0.9550000000000001,
    0.87,
    0.925
  ],
  "classification": {
    "tp": [
      543,
      238,
      1917
    ],
    "fp": [
      60,
      59,
      106
    ],
    "fn": [
      41,
      52,
      387
    ],
    "tn": [
      13253,
      13548,
      11487
    ],
    "precision": [
      0.900497512437811,
      0.8013468013468014,
      0.9476025704399407
    ],
    "recall": [
      0.9297945205479452,
      0.8206896551724138,
      0.83203125
    ],
    "f1": [
      0.9149115417017691,
      0.8109028960817718,
      0.8860642477467067
    ],
    "macro_f1": 0.8706262285100825
  }
}