{
  "thresholds_tau": [
    0.96,
    0.8200000000000001,
    0.785
  ],
  "classification": {
    "tp": [
      214,
      110,
      905
    ],
    "fp": [
      36,
      287,
      135
    ],
    "fn": [
      9,
      9,
      234
    ],
    "tn": [
      6647,
      6500,
      5632
    ],
    "precision": [
      0.856,
      0.2770780856423174,
      0.8701923076923077
    ],
    "recall": [
      0.9596412556053812,
      0.9243697478991597,
      0.7945566286215979
    ],
    "f1": [
      0.904862579281184,
      0.4263565891472868,
      0.8306562643414411
    ],
    "macro_f1": 0.7206251442566373
  }
}