{
  "thresholds_tau": [
    0.9500000000000001,
    0.8150000000000001,
    0.705
  ],
  "classification": {
    "tp": [
      36648,
      18357,
      191148
    ],
    "fp": [
      6049,
      27162,
      36035
    ],
    "fn": [
      8805,
      5453,
      37829
    ],
    "tn": [
      1331298,
      1331828,
      1117788
    ],
    "precision": [
      0.8583272829472797,
      0.40328214591708955,
      0.8413833781576967
    ],
    "recall": [
      0.8062834136360636,
      0.7709785804283914,
      0.8347912672451818
    ],
    "f1": [
      0.8314917753828702,
      0.5295619437753321,
      0.8380743598737286
    ],
    "macro_f1": 0.7330426930106437
  }
}