{
  "thresholds_tau": [
    0.96,
    0.93,
    0.76
  ],
  "classification": {
    "tp": [
      104651,
      51096,
      466911
    ],
    "fp": [
      12324,
      36399,
      153439
    ],
    "fn": [
      35293,
      19932,
      84957
    ],
    "tn": [
      3189612,
      3234453,
      2636573
    ],
    "precision": [
      0.8946441547339175,
      0.5839876564375107,
      0.7526573708390425
    ],
    "recall": [
      0.7478062653632882,
      0.719378273356986,
      0.846055578507904
    ],
    "f1": [
      0.8146614302562285,
      0.6446509339338771,
      0.7966282722155776
    ],
    "macro_f1": 0.7519802121352277
  }
}