{
  "thresholds_tau": [
    0.78,
    0.47500000000000003,
    0.9500000000000001
  ],
  "classification": {
    "tp": [
      20538,
      227300,
      5400
    ],
    "fp": [
      41712,
      499849,
      8133
    ],
    "fn": [
      30130,
      106584,
      11256
    ],
    "tn": [
      941540,
      200187,
      1009131
    ],
    "precision": [
      0.32992771084337347,
      0.3125906794893481,
      0.3990246065174019
    ],
    "recall": [
      0.405344596194837,
      0.6807753591067557,
      0.3242074927953891
    ],
    "f1": [
      0.36376839830673585,
      0.428450387499729,
      0.35774619894663623
    ],
    "macro_f1": 0.38332166158436703
  }
}