{
  "thresholds_tau": [
    0.9550000000000001,
    0.73,
    0.71
  ],
  "classification": {
    "tp": [
      604999,
      285514,
      2766083
    ],
    "fp": [
      72403,
      513362,
      361803
    ],
    "fn": [
      49433,
      57446,
      491233
    ],
    "tn": [
      19120685,
      18991198,
      16228401
    ],
    "precision": [
      0.8931166427025606,
      0.3573946394684532,
      0.8843298636842902
    ],
    "recall": [
      0.9244642682509413,
      0.8324994168416142,
      0.8491908675731799
    ],
    "f1": [
      0.9085201308871825,
      0.5000963360762841,
      0.8664042265225125
    ],
    "macro_f1": 0.7583402311619931
  }
}