{
  "thresholds_tau": [
    0.9450000000000001,
    0.865,
    0.72
  ],
  "classification": {
    "tp": [
      44399,
      20642,
      220996
    ],
    "fp": [
      9525,
      35820,
      41856
    ],
    "fn": [
      10137,
      7938,
      53688
    ],
    "tn": [
      1595179,
      1594840,
      1342700
    ],
    "precision": [
      0.8233625101995401,
      0.36559101696716373,
      0.8407621018672105
    ],
    "recall": [
      0.8141227812820889,
      0.7222533240027992,
      0.8045463150383714
    ],
    "f1": [
      0.818716577540107,
      0.4854542461372028,
      0.8222556256697225
    ],
    "macro_f1": 0.7088088164490108
  }
}